id,first_name,last_name,email,gender,ip_address
1,Tann,Joire,tjoire0@about.com,Male,72.210.57.0
2,Henka,Echalie,hechalie1@weather.com,Genderqueer,116.20.220.173
3,Marcille,Bellenie,mbellenie2@mozilla.com,Female,171.243.239.54
4,Donnell,Parsisson,dparsisson3@hexun.com,Male,45.131.239.202
5,Umberto,Lincoln,ulincoln4@yellowbook.com,Male,168.66.126.248
6,Sargent,Rennebeck,srennebeck5@theatlantic.com,Male,70.146.59.116
7,Meara,Magovern,mmagovern6@wiley.com,Genderfluid,223.135.127.71
8,Joseph,Benedicte,jbenedicte7@amazon.de,Male,88.145.37.1
9,Waverly,Duckering,wduckering8@telegraph.co.uk,Male,45.203.141.55
10,Didi,Cavilla,dcavilla9@ucoz.com,Female,23.230.252.10
